Igor,igorobs_,Thu Jul 27 21:29:15 +0000 2017,"RT @dianafigueredoo: Morreu uma menina de overdose aqui perto de casa

Muito triste...

Pelo menos para o traficante q perdeu um cliente..."
FAIXA PRETA ğŸ’¸,vulgo_martins7,Thu Jul 27 21:29:09 +0000 2017,"Overdose de decepÃ§Ãµes."
Jeremy Kvanvig,Idolhands86,Thu Jul 27 21:29:05 +0000 2017,"RT @GovJVentura: In Portugal, only THREE out of every million people die of a drug overdose after decriminalizing all drugs took effect. REâ€¦"
erisc,ericpedrozas,Thu Jul 27 21:29:03 +0000 2017,"RT @Privacidades: Overdose de decepÃ§Ãµes."
ÆˆÉ§Æ–Æ¡É› â„˜à½Ä±ÆˆÉ›ã€‚,AzureRenegade,Thu Jul 27 21:28:54 +0000 2017,"@NoirTenshi â€œOverdose? On you? That might just happen.â€ 

She grinned."
O'Brien Institute,OBrien_IPH,Thu Jul 27 21:28:53 +0000 2017,"RT @picardonhealth: Overdose crisis takes devastating toll on #FirstNations https://t.co/Br7lrUxRyy via @tlupick #Indigenous #opioids #sdoh"
GabiğŸ’,GabyhSantana21,Thu Jul 27 21:28:43 +0000 2017,"RT @Privacidades: Overdose de decepÃ§Ãµes."
bynna,xiuwyixing,Thu Jul 27 21:28:42 +0000 2017,"overdose #EXO #KoKoBop #TheWarEXO https://t.co/GBLlAG5NgG"
-Castiel ğŸ’˜ğŸ‘Œ,DanielCastiel1,Thu Jul 27 21:28:41 +0000 2017,"RT @Privacidades: Overdose de decepÃ§Ãµes."
isadora,isadorinha000,Thu Jul 27 21:28:36 +0000 2017,"RT @Privacidades: Overdose de decepÃ§Ãµes."
PhatkatNC,PhatkatNC,Thu Jul 27 21:28:34 +0000 2017,"RT @WFMY: Alleged heroin dealer charged with murder after man dies from overdose: Davidson County Sheriff https://t.co/SXFkRASlQk https://tâ€¦"
Vivi,Horanmeuu,Thu Jul 27 21:28:27 +0000 2017,"RT @Privacidades: Overdose de decepÃ§Ãµes."
Marla De Leon,Leon17Tbmki2013,Thu Jul 27 21:28:13 +0000 2017,"@foxandfriends @dbongino My suggestion for the Republican people overdose and drop dead your all already brain deadâ€¦ https://t.co/10B0FZ4nk8"
Sally Stapleton,sestapleton,Thu Jul 27 21:28:11 +0000 2017,"RT @LizNavratil: Fentanyl present in increasing number of Pennsylvania overdose deaths, report says, via @PittsburghPG https://t.co/r9T4LSSâ€¦"
ğŸŒºMy perks: Ray,_IceDays,Thu Jul 27 21:28:02 +0000 2017,"RT @exofancy: Yo, la primera vez que escuchÃ© Overdose: https://t.co/uReaqbBmQK"
Gintoki,Gintamaopressor,Thu Jul 27 21:28:00 +0000 2017,"RT @dianafigueredoo: Morreu uma menina de overdose aqui perto de casa

Muito triste...

Pelo menos para o traficante q perdeu um cliente..."
Escrotinho,Dudurangel09,Thu Jul 27 21:27:48 +0000 2017,"RT @Privacidades: Overdose de decepÃ§Ãµes."
Plante uma semente,_masool,Thu Jul 27 21:27:24 +0000 2017,"RT @Privacidades: Overdose de decepÃ§Ãµes."
Teresa Staggs,wvterryann,Thu Jul 27 21:27:16 +0000 2017,"RT @EPWFires: Berkeley County:

Co.20,Med98 / Overdose C/A / Area of air port Rd"
BoludoğŸ’,vini_goulartB,Thu Jul 27 21:27:11 +0000 2017,"minha Ãºnica neurose, mano, Ã© morrer de overdose ou cair de cirrose aguardando a Ãºltima dose!!"
ProblemÃ¡tica ğŸŒ¼,isaneurotica,Thu Jul 27 21:27:04 +0000 2017,"RT @Privacidades: Overdose de decepÃ§Ãµes."
PÃ¢mi â™¡,paamtrick,Thu Jul 27 21:26:51 +0000 2017,"overdose de expectativas"
cara de lua ğŸŒ˜,Lenapvcs,Thu Jul 27 21:26:47 +0000 2017,"RT @Privacidades: Overdose de decepÃ§Ãµes."
Gabriely Santos,ss2_gabby,Thu Jul 27 21:26:45 +0000 2017,"RT @dianafigueredoo: Morreu uma menina de overdose aqui perto de casa

Muito triste...

Pelo menos para o traficante q perdeu um cliente..."
Jayla Bell,Jayla97189332,Thu Jul 27 21:26:32 +0000 2017,"RT @tbtml: Overdose de promo pour #Valerian impossible de cliquer sans tomber dessus, meilleur moyen pour faire un rejet total du film sansâ€¦"
Naju,vulgoJuliaa,Thu Jul 27 21:26:16 +0000 2017,"RT @Privacidades: Overdose de decepÃ§Ãµes."
Henri,henrilorenzinii,Thu Jul 27 21:26:16 +0000 2017,"@_gimuller no meu cursinho ficamos sem fÃ­sica por uns 2 meses e agr q tem professor estamos tendo uma overdose de fÃ­sica"
magali,mareuzynha,Thu Jul 27 21:26:15 +0000 2017,"RT @luandaily: "Segunda-feira, 31, tem TVZ ao vivo. Overdose de Luan no @multishow." AtualizaÃ§Ã£o do Luan via Instagram. https://t.co/pwr8I2â€¦"
mo7her, the Creator,VITXRIV777,Thu Jul 27 21:26:08 +0000 2017,"RT @JulinhaVoz: Overdose de decepÃ§Ãµes 
Deus tenha MisericÃ³rdia"
HelÃ¸; ğŸŒ¼ Bruna Day,btsends_nude,Thu Jul 27 21:26:01 +0000 2017,"eu recomendo o exo todo mas seria Overdose, Call me baby ou The Eve @weareoneEXO #EXO https://t.co/z0NBY5aH3w"
Ea. Pan Working Fire,EPWFires,Thu Jul 27 21:25:54 +0000 2017,"Berkeley County:

Co.20,Med98 / Overdose C/A / Area of air port Rd"
bynna,xiuwyixing,Thu Jul 27 21:25:51 +0000 2017,"Overdose #EXO #KoKoBop #TheWarEXO https://t.co/Ewn07yA3gF"
CarolğŸ¡,sendoviajante,Thu Jul 27 21:25:40 +0000 2017,"RT @Privacidades: Overdose de decepÃ§Ãµes."
*-*,Suh_Suka,Thu Jul 27 21:25:39 +0000 2017,"RT @Privacidades: Overdose de decepÃ§Ãµes."
Carolline Nunes,Caah_Nunees8,Thu Jul 27 21:25:31 +0000 2017,"RT @Privacidades: Overdose de decepÃ§Ãµes."
Leeh âœ â¤,Poxa_Leh_,Thu Jul 27 21:25:13 +0000 2017,"RT @Privacidades: Overdose de decepÃ§Ãµes."
WFMY News 2,WFMY,Thu Jul 27 21:25:01 +0000 2017,"Alleged heroin dealer charged with murder after man dies from overdose: Davidson County Sheriffâ€¦ https://t.co/PalC6YISdQ"
Ãriana â™ˆï¸,fly_thaay,Thu Jul 27 21:24:39 +0000 2017,"RT @Privacidades: Overdose de decepÃ§Ãµes."
EmergHealthServices,BC_EHS,Thu Jul 27 21:24:38 +0000 2017,"RT @CDCofBC: Witness an overdose? Call 911 - it can save a life. #StopOverdose #CdnOverdoseCrisis https://t.co/WmaAjMOY75 https://t.co/tNFJâ€¦"
pura poesia,poesiaealma,Thu Jul 27 21:24:37 +0000 2017,"RT @Privacidades: Overdose de decepÃ§Ãµes."
Vittal,VulgoVittal,Thu Jul 27 21:24:30 +0000 2017,"RT @Privacidades: Overdose de decepÃ§Ãµes."
RÃ©al Makdrid ğŸ†,MakhCelJul,Thu Jul 27 21:24:22 +0000 2017,"Overdose dâ€™attention je donne yâ€™a qui?"
Jean Oland,jeanolandpierre,Thu Jul 27 21:23:57 +0000 2017,"J'aime une vidÃ©o @YouTubeÂ : "AWESOME: 2016 Spofec Rolls-Royce Wraith Overdose" Ã  l'adresse https://t.co/zhSySXrkVh."
Leila Machado,leilamachadd,Thu Jul 27 21:23:54 +0000 2017,"RT @Privacidades: Overdose de decepÃ§Ãµes."
æš,akatuki_1007,Thu Jul 27 21:23:44 +0000 2017,"SMã‚¿ã‚¦ãƒ³ãƒ©ã‚¤ãƒ–ãƒ“ãƒ¥ãƒ¼ã‚¤ãƒ³ã‚°ã®æ„Ÿæƒ³

è‰¯ã‹ã£ãŸæ‰€
ãƒ»è‰²ã‚“ãªã‚°ãƒ«ãƒ¼ãƒ—ã®æ›²ãŒè´ã‘ãŸäº‹
ãƒ»ã‚»ãƒ•ãƒ³ã¡ã‚ƒã‚“ãŒãƒãƒ–ã‹ã£ãŸäº‹
ãƒ»çµ‚å§‹åº§ã£ã¦è¦³ã‚ŒãŸäº‹

æ‚ªã‹ã£ãŸæ‰€
ãƒ»machineã‚„OverdoseãŒã‚«ãƒƒãƒˆã•ã‚Œ
    ã¦ãŸäº‹
ãƒ»ã‚«ãƒ¡ãƒ©ãƒ¯ãƒ¼ã‚¯ãŒå¾®å¦™ã§è‡ªåˆ†ãŒè¦‹ãŸ   ã„å ´é¢ãŒè¦‹ã‚Œãªã‹ã£ãŸäº‹"
Berke.,GoIdenArcher,Thu Jul 27 21:23:41 +0000 2017,"@UnderTheMyHood AlÄ±ndÄ±m aq. Neden anam ? (Overdose.)"
Pattonville Fire,PattonvilleFire,Thu Jul 27 21:23:37 +0000 2017,"Pattonville Fire Protection District is currently responding to an emergency incident for a(n) 23 Overdose Per PD ."
ê°¸ë¸Œë¦¬ì—˜â˜…,gabeasafe,Thu Jul 27 21:23:34 +0000 2017,"fumei um bondo e eu estou tendo uma overdose de maconha"
Ksoos The Eve adlibs,JSM5421,Thu Jul 27 21:23:24 +0000 2017,"RT @exonyeondan: #EXO Show Champion wins

Wolf ğŸ‘‘
Growl ğŸ‘‘ğŸ‘‘ğŸ‘‘
MiD ğŸ‘‘
Overdose ğŸ‘‘
CMB ğŸ‘‘ğŸ‘‘ğŸ‘‘
LMR ğŸ‘‘ğŸ‘‘ğŸ‘‘
Monster ğŸ‘‘
Lotto ğŸ‘‘
#KOKOBOP1stwin ğŸ‘‘"
ğŸ¤™,_jpra_,Thu Jul 27 21:23:24 +0000 2017,"RT @Privacidades: Overdose de decepÃ§Ãµes."
Touriana âœ¨,umxuxuzinho1,Thu Jul 27 21:23:19 +0000 2017,"RT @Privacidades: Overdose de decepÃ§Ãµes."
Gordo Chefe,LenonfredoO,Thu Jul 27 21:23:09 +0000 2017,"RT @Privacidades: Overdose de decepÃ§Ãµes."
MyağŸ’•,MyrhelaA,Thu Jul 27 21:23:08 +0000 2017,"RT @Privacidades: Overdose de decepÃ§Ãµes."
Chris Spinney,cspinney2013,Thu Jul 27 21:23:06 +0000 2017,"There has been a lot of discussion about the use of buprenorphine to treat addiction and prevent overdose. I ve poin https://t.co/5OEoqaKa6q"
Mr.KittyLips #TheWar,Daesunnflower,Thu Jul 27 21:22:57 +0000 2017,"RT @exonyeondan: #EXO wins on M countdown

Growl ğŸ‘‘ğŸ‘‘ğŸ‘‘
MiD ğŸ‘‘ğŸ‘‘ğŸ‘‘
Overdose ğŸ‘‘ğŸ‘‘
CMB ğŸ‘‘ğŸ‘‘ğŸ‘‘
LMR ğŸ‘‘
Monster ğŸ‘‘ğŸ‘‘ğŸ‘‘
Lotto ğŸ‘‘ğŸ‘‘
#KOKOBOP2ndwin ğŸ‘‘ https://t.co/Râ€¦"
BoasVibes,Frases_e_Vibes,Thu Jul 27 21:22:54 +0000 2017,"Overdose de decepÃ§Ãµes."
morena,joy_ramoos,Thu Jul 27 21:22:54 +0000 2017,"RT @Privacidades: Overdose de decepÃ§Ãµes."
lama del rey .,Nothing165,Thu Jul 27 21:22:52 +0000 2017,"Overdose cuteness :(( https://t.co/xOC4Sn5wNq"
femenzinho ğŸ’¸,_femendees,Thu Jul 27 21:22:48 +0000 2017,"RT @Privacidades: Overdose de decepÃ§Ãµes."
Fk!,aliinefk,Thu Jul 27 21:22:47 +0000 2017,"RT @Privacidades: Overdose de decepÃ§Ãµes."
China,Canal_Cornalha,Thu Jul 27 21:22:47 +0000 2017,"RT @Privacidades: Overdose de decepÃ§Ãµes."
Se Liga ParÃ§a,suableparca,Thu Jul 27 21:22:39 +0000 2017,"Overdose de decepÃ§Ãµes.ğŸ¤¦ğŸ»â€â™€ï¸"
JaqueğŸ€,jaqueffreire,Thu Jul 27 21:22:28 +0000 2017,"RT @Privacidades: Overdose de decepÃ§Ãµes."
Bendia âˆ†,Poxa_Crush7,Thu Jul 27 21:22:27 +0000 2017,"RT @Privacidades: Overdose de decepÃ§Ãµes."
Maria Eduarda,_Madu_Ferreira_,Thu Jul 27 21:22:24 +0000 2017,"RT @Privacidades: Overdose de decepÃ§Ãµes."
PFEM 2665 Dispatch,dispatch2665,Thu Jul 27 21:22:22 +0000 2017,"Pattonville Fire Protection District is currently responding to an emergency incident for a(n) 23 Overdose Per PD."
â™‹,Gabbysoaresbj,Thu Jul 27 21:22:21 +0000 2017,"RT @Privacidades: Overdose de decepÃ§Ãµes."
E D U A R D A,SouzzzaDuda,Thu Jul 27 21:22:21 +0000 2017,"RT @Privacidades: Overdose de decepÃ§Ãµes."
whinluâ¤,tamiresbeattriz,Thu Jul 27 21:22:19 +0000 2017,"RT @Privacidades: Overdose de decepÃ§Ãµes."
Ksoos The Eve adlibs,JSM5421,Thu Jul 27 21:22:14 +0000 2017,"RT @exonyeondan: #EXO wins on M countdown

Growl ğŸ‘‘ğŸ‘‘ğŸ‘‘
MiD ğŸ‘‘ğŸ‘‘ğŸ‘‘
Overdose ğŸ‘‘ğŸ‘‘
CMB ğŸ‘‘ğŸ‘‘ğŸ‘‘
LMR ğŸ‘‘
Monster ğŸ‘‘ğŸ‘‘ğŸ‘‘
Lotto ğŸ‘‘ğŸ‘‘
#KOKOBOP2ndwin ğŸ‘‘ https://t.co/Râ€¦"
Lucas MelloğŸƒğŸ’­,luccasmelo6,Thu Jul 27 21:22:11 +0000 2017,"RT @Privacidades: Overdose de decepÃ§Ãµes."
TashğŸ’¦,WilliamzBros,Thu Jul 27 21:22:09 +0000 2017,"This is what happens when you overdose on mayonnaise https://t.co/njTChmidTI"
ThaÃ­s ğŸŒ¼,anjoss7,Thu Jul 27 21:22:08 +0000 2017,"RT @Privacidades: Overdose de decepÃ§Ãµes."
Amanda Rocha,Srta__Rocha,Thu Jul 27 21:22:02 +0000 2017,"RT @Privacidades: Overdose de decepÃ§Ãµes."
â™Œa_vÃ©nus ğŸ€,__soraiasilva,Thu Jul 27 21:21:59 +0000 2017,"RT @Privacidades: Overdose de decepÃ§Ãµes."
lain ğŸ”«,Lain19295209,Thu Jul 27 21:21:57 +0000 2017,"RT @exofancy: Yo, la primera vez que escuchÃ© Overdose: https://t.co/uReaqbBmQK"
Crazy Life â¤ğŸ¤˜ğŸƒ,Rick_Rodrigues4,Thu Jul 27 21:21:49 +0000 2017,"RT @Privacidades: Overdose de decepÃ§Ãµes."
DrewğŸ‘½ğŸ’¸,jhenny_drew1D,Thu Jul 27 21:21:41 +0000 2017,"RT @Privacidades: Overdose de decepÃ§Ãµes."
Jamile Dias,22jaamiDias,Thu Jul 27 21:21:36 +0000 2017,"RT @Privacidades: Overdose de decepÃ§Ãµes."
Cabra ğŸ’š,Cabralziinho,Thu Jul 27 21:21:36 +0000 2017,"RT @Privacidades: Overdose de decepÃ§Ãµes."
BKW,benkwagner,Thu Jul 27 21:21:35 +0000 2017,"RT @raykwong: Asian American kids in SoCal are dying in alarming numbers from club drugs made in China. Tragic wtf story. https://t.co/XI9Tâ€¦"
Karolzinha,crlKM3,Thu Jul 27 21:21:32 +0000 2017,"RT @Privacidades: Overdose de decepÃ§Ãµes."
The Fringe News,TheFringeNews,Thu Jul 27 21:21:24 +0000 2017,"Iron Toxicity: All You Need to Know About Iron Overdose - https://t.co/PCb4UCD756"
29/07ğŸ’•âœˆ,Mel_Pxx,Thu Jul 27 21:21:21 +0000 2017,"RT @Privacidades: Overdose de decepÃ§Ãµes."
gleÌ¶n lÃ¸ves cy,uspcy,Thu Jul 27 21:21:21 +0000 2017,"growl e de overdose #EXO https://t.co/NfrA59kq2c"
Kyle Duggan,Kyle_Duggan,Thu Jul 27 21:21:19 +0000 2017,"RT @picardonhealth: Overdose crisis takes devastating toll on #FirstNations https://t.co/Br7lrUxRyy via @tlupick #Indigenous #opioids #sdoh"
Leandro Traquina,LeandroTraquina,Thu Jul 27 21:20:51 +0000 2017,"RT @Privacidades: Overdose de decepÃ§Ãµes."
Menor bom,Fpzadaaa,Thu Jul 27 21:20:45 +0000 2017,"RT @Privacidades: Overdose de decepÃ§Ãµes."
Vitoria Semprebom,v_semprebom,Thu Jul 27 21:20:44 +0000 2017,"RT @Privacidades: Overdose de decepÃ§Ãµes."
sÎ±É—â„¢ ğŸ‡ªğŸ‡ª,oElianSantos,Thu Jul 27 21:20:37 +0000 2017,"Overdose de decepÃ§Ãµes."
Beatriiz Pinheiro ğŸ˜,santanna_biia,Thu Jul 27 21:20:25 +0000 2017,"RT @Privacidades: Overdose de decepÃ§Ãµes."
Luna ğŸ’–,LunaLind15,Thu Jul 27 21:20:25 +0000 2017,"RT @Privacidades: Overdose de decepÃ§Ãµes."
Natasha Heller,nheller,Thu Jul 27 21:20:23 +0000 2017,"RT @raykwong: Asian American kids in SoCal are dying in alarming numbers from club drugs made in China. Tragic wtf story. https://t.co/XI9Tâ€¦"
LeÃ£ozinho â¤,kesia_mariac,Thu Jul 27 21:20:22 +0000 2017,"RT @Privacidades: Overdose de decepÃ§Ãµes."
I G O R,Igorzada,Thu Jul 27 21:20:21 +0000 2017,"overdose de ignorÃ¢ncia"
Derek Jones,derek_jones1958,Thu Jul 27 21:20:19 +0000 2017,"RT @bbchealth: 'Overwhelmed' hospital in Worcester missed DNP overdose https://t.co/g1pyPikonA"
Liz Navratil,LizNavratil,Thu Jul 27 21:20:18 +0000 2017,"Fentanyl present in increasing number of Pennsylvania overdose deaths, report says, via @PittsburghPG https://t.co/r9T4LSSXhH"
Titia da Lara ğŸ’œğŸ‘¼âœ,_PorraAndrielly,Thu Jul 27 21:20:04 +0000 2017,"RT @Privacidades: Overdose de decepÃ§Ãµes."
Karoline,Kah_Kades,Thu Jul 27 21:19:56 +0000 2017,"RT @Privacidades: Overdose de decepÃ§Ãµes."
Alice Santos,Aliceee_Rocha,Thu Jul 27 21:19:48 +0000 2017,"jÃ¡ tÃ´ ficando com overdose de decepÃ§Ãµes pqp"
